Model,Formula,Adj R^2,CP,MAE
mod2.1,potential ~ age,1.21,534764,4.9939
mod2.2,potential ~ age + overall + age*overall,86.78,112.8,1.6871
mod2.3,potential ~ skill_moves + weak_foot + overall + league_rank + weight_kg + height_cm + age,86.76,8.89,1.6915
mod2.4,potential ~ skill_moves + weak_foot + international_reputation + overall + league_rank + weight_kg + height_cm + age,86.76,9.09,1.6914
mod2.5,potential ~ skill_moves + weak_foot + international_reputation + preferred_foot + overall + league_rank + weight_kg + height_cm + age,86.76,9.27,1.6915
mod2.2b,potential ~ age + overall,86.76,383.12,1.6972
